Date,Total_Assets,Total_Liabilities,EBITDA,Stock,Debt_Equity_Ratio,Total_Assets_Billions,Total_Liabilities_Billions,EBITDA_Billions,Asset_Liability_Ratio,Total_Equity,ROA,Operating_Margin_Ratio
2021-03-31,1307590000000.0,436510000000.0,484620000000.0,TCS.NS,0.0901854615713905,1307.59,436.51,484.62,2.9955556573732562,871080000000.0,0.3706207603300729,0.2599755142315915
2022-03-31,1415140000000.0,516680000000.0,570750000000.0,TCS.NS,0.0877057180358765,1415.14,516.68,570.75,2.738909963613842,898460000000.0,0.4033169863052419,0.2533871522888701
2023-03-31,1436510000000.0,524450000000.0,627080000000.0,TCS.NS,0.0850216756613288,1436.51,524.45,627.08,2.7390790351797123,912060000000.0,0.43653020166932355,0.2411846108809623
2024-03-31,1464490000000.0,551300000000.0,677600000000.0,TCS.NS,0.0886406082507266,1464.49,551.3,677.6,2.6564302557591146,913190000000.0,0.4626866690793382,0.24668628810301668
2021-03-31,713761000000.0,188755000000.0,84391000000.0,MARUTI.NS,0.010302739397264,713.761,188.755,84.391,3.781415061852666,525006000000.0,0.11823425488363752,0.03445991895428308
2022-03-31,746555000000.0,193220000000.0,76128000000.0,MARUTI.NS,0.0076897358742895,746.555,193.22,76.128,3.863756339923403,553335000000.0,0.10197239319273195,0.03501634401330064
2023-03-31,1003854000000.0,257852000000.0,155365000000.0,MARUTI.NS,0.0167238157538451,1003.854,257.852,155.365,3.8931402509966957,746002000000.0,0.15476852211576583,0.07263230806013811
2024-03-31,1153508000000.0,297148000000.0,228739000000.0,MARUTI.NS,0.0013849315708346,1153.508,297.148,228.739,3.881930889657679,856360000000.0,0.19829858137091377,0.09822118082878699
2021-03-31,3342794400000.0,2823658600000.0,193751300000.0,TATAMOTORS.NS,2.8237423229629712,3342.7944,2823.6586,193.7513,1.1838521838298723,519135800000.0,0.057960878479394365,-0.03096793504466457
2022-03-31,3306199300000.0,2817876300000.0,271441400000.0,TATAMOTORS.NS,3.3145179532706,3306.1993,2817.8763,271.4414,1.173294690047253,488323000000.0,0.0821007372423072,0.5610379892138081
2023-03-31,3360813800000.0,2834818700000.0,384797700000.0,TATAMOTORS.NS,3.0142995234742496,3360.8138,2834.8187,384.7977,1.1855480563889325,525995100000.0,0.11449539394297893,-0.020816532365375923
2024-03-31,3706639600000.0,2775700300000.0,652110000000.0,TATAMOTORS.NS,1.2931342487731108,3706.6396,2775.7003,652.11,1.3353889827370773,930939300000.0,0.17593024150500092,0.02318234054153517
2021-03-31,336017100000.0,63282700000.0,65074600000.0,BAJAJ-AUTO.NS,0.0,336.0171,63.2827,65.0746,5.309778185823298,272734400000.0,0.19366454861969823,0.1715386770322868
2022-03-31,351112100000.0,52515500000.0,79301000000.0,BAJAJ-AUTO.NS,0.0,351.1121,52.5155,79.301,6.6858755986327845,298596600000.0,0.22585664236578573,0.16113932109741172
2023-03-31,351364500000.0,57749000000.0,81673400000.0,BAJAJ-AUTO.NS,0.0,351.3645,57.749,81.6734,6.084339122755372,293615500000.0,0.23244636268035046,0.17129922648137183
2024-03-31,393436900000.0,103812700000.0,104651700000.0,BAJAJ-AUTO.NS,0.0616626862198277,393.4369,103.8127,104.6517,3.789872530046902,289624200000.0,0.26599360659866933,0.18882657014011212
2021-03-31,230960900000.0,75364800000.0,46108500000.0,HEROMOTOCO.NS,0.0378829845061304,230.9609,75.3648,46.1085,3.0645725856102586,155596100000.0,0.19963768759127629,0.11129336760412184
2022-03-31,224783900000.0,64836900000.0,38007300000.0,HEROMOTOCO.NS,0.0381891440777703,224.7839,64.8369,38.0073,3.4669131312570465,159947000000.0,0.1690837288613642,0.0958697809759525
2023-03-31,239170300000.0,71364000000.0,46658800000.0,HEROMOTOCO.NS,0.0340750871930531,239.1703,71.364,46.6588,3.351413878145844,167806300000.0,0.195086095556179,0.10221674730835398
2024-03-31,261527900000.0,83182200000.0,59239300000.0,HEROMOTOCO.NS,0.0342625425732191,261.5279,83.1822,59.2393,3.1440368251861575,178345700000.0,0.2265123529841367,0.1219613910252472
2021-03-31,1664624900000.0,1158102600000.0,147052100000.0,M&M.NS,1.9389395679660772,1664.6249,1158.1026,147.0521,1.4373725609458092,506522300000.0,0.08833948116479574,0.1418487160937041
2022-03-31,1741128000000.0,1172875400000.0,177790300000.0,M&M.NS,1.6468773820821585,1741.128,1172.8754,177.7903,1.4844952839832772,568252600000.0,0.10211213650001608,0.12641490702669503
2023-03-31,2058917700000.0,1388096600000.0,240884200000.0,M&M.NS,1.6365751282825984,2058.9177,1388.0966,240.8842,1.4832668706198113,670821100000.0,0.11699554576659378,0.1343124912739694
2024-03-31,2363007300000.0,1587913900000.0,278480400000.0,M&M.NS,1.6108873547658993,2363.0073,1587.9139,278.4804,1.4881205460825049,775093400000.0,0.11784999563903167,0.14439913454066525
2021-03-31,145586100000.0,31205300000.0,22655700000.0,EICHERMOT.NS,0.0191684268688451,145.5861,31.2053,22.6557,4.665428629111081,114380800000.0,0.1556171914763841,0.15478620479451738
2022-03-31,162009900000.0,35929900000.0,26732200000.0,EICHERMOT.NS,0.0085429885786802,162.0099,35.9299,26.7322,4.509055132354947,126080000000.0,0.16500349669989303,0.16987341847148285
2023-03-31,191976400000.0,42073600000.0,43538600000.0,EICHERMOT.NS,0.0192398007242026,191.9764,42.0736,43.5386,4.562870778825677,149902800000.0,0.22679141811180958,0.20917613696484882
2024-03-31,231279300000.0,50824000000.0,58505000000.0,EICHERMOT.NS,0.0232434292592126,231.2793,50.824,58.505,4.550592239886668,180455300000.0,0.25296254355664344,0.23392542327778332
2021-03-31,17979782000000.0,15816377200000.0,0.0,HDFCBANK.NS,0.6873609830283766,17979.782,15816.3772,0.0,1.1367825749628682,2163404800000.0,0.0,0.0
2022-03-31,21113705500000.0,18604252100000.0,0.0,HDFCBANK.NS,0.8729660963357956,21113.7055,18604.2521,0.0,1.1348860135044074,2509453400000.0,0.0,0.0
2023-03-31,25755624000000.0,22837786100000.0,0.0,HDFCBANK.NS,1.0822718365530233,25755.624,22837.7861,0.0,1.127763605772628,2917837900000.0,0.0,0.0
2024-03-31,44118573000000.0,36232390200000.0,0.0,HDFCBANK.NS,1.164987862814699,44118.573,36232.3902,0.0,1.2176556047356766,7886182800000.0,0.0,0.0
2021-03-31,15738122446000.0,14066364048000.0,0.0,ICICIBANK.NS,0.8901752617111913,15738.122446,14066.364048,0.0,1.1188479405406613,1671758398000.0,0.0,0.0
2022-03-31,17526373837000.0,15646040029000.0,0.0,ICICIBANK.NS,0.8706402502417224,17526.373837,15646.040029,0.0,1.1201795345349235,1880333808000.0,0.0,0.0
2023-03-31,19584904970000.0,17373059551000.0,0.0,ICICIBANK.NS,0.8555306835509656,19584.90497,17373.059551,0.0,1.1273146743385614,2211845419000.0,0.0,0.0
2024-03-31,23640630275000.0,20940307767000.0,0.0,ICICIBANK.NS,0.7847103000307781,23640.630275,20940.307767,0.0,1.1289533343084603,2700322508000.0,0.0,0.0
2021-03-31,48456185465000.0,45604310699000.0,0.0,SBIN.NS,1.547997932295056,48456.185465,45604.310699,0.0,1.0625352016572094,2851874766000.0,0.0,0.0
2022-03-31,53608835294000.0,50440880615000.0,0.0,SBIN.NS,1.497734010341362,53608.835294,50440.880615,0.0,1.0628053007872729,3167954679000.0,0.0,0.0
2023-03-31,59544183170000.0,55826503795000.0,0.0,SBIN.NS,1.4545753024943409,59544.18317,55826.503795,0.0,1.0665934479553234,3717679375000.0,0.0,0.0
2024-03-31,67337787997000.0,63032216658000.0,0.0,SBIN.NS,1.3411682321730378,67337.787997,63032.216658,0.0,1.0683074714373628,4305571339000.0,0.0,0.0
2021-03-31,10010045400000.0,8972460700000.0,0.0,AXISBANK.NS,1.29504351607071,10010.0454,8972.4607,0.0,1.1156410414815192,1037584700000.0,0.0,0.0
2022-03-31,11957791500000.0,10772571400000.0,0.0,AXISBANK.NS,1.5362349575928294,11957.7915,10772.5714,0.0,1.1100220231541005,1185220100000.0,0.0,0.0
2023-03-31,13444179600000.0,12142428600000.0,0.0,AXISBANK.NS,1.529064226384442,13444.1796,12142.4286,0.0,1.1072068070468208,1301751000000.0,0.0,0.0
2024-03-31,15182385300000.0,13607155700000.0,0.0,AXISBANK.NS,1.4532826037780835,15182.3853,13607.1557,0.0,1.1157647957243555,1575229600000.0,0.0,0.0
2021-03-31,4788542173000.0,3940156140000.0,0.0,KOTAKBANK.NS,0.562702585180348,4788.542173,3940.15614,0.0,1.215317871387706,848386033000.0,0.0,0.0
2022-03-31,5464979078000.0,4493325718000.0,0.0,KOTAKBANK.NS,0.5676907770894756,5464.979078,4493.325718,0.0,1.2162436958682104,971653360000.0,0.0,0.0
2023-03-31,6204297348000.0,5081153365000.0,0.0,KOTAKBANK.NS,0.4659591663413648,6204.297348,5081.153365,0.0,1.2210411499752085,1123143983000.0,0.0,0.0
2024-03-31,7676669590000.0,6376952690000.0,0.0,KOTAKBANK.NS,0.5778612727125423,7676.66959,6376.95269,0.0,1.2038147314528689,1299716900000.0,0.0,0.0
2021-03-31,687570000000.0,210630000000.0,118570000000.0,HINDUNILVR.NS,0.0211645760792046,687.57,210.63,118.57,3.264349807719698,476940000000.0,0.17244789621420364,0.22780164504220546
2022-03-31,705170000000.0,214300000000.0,130840000000.0,HINDUNILVR.NS,0.0212592486904058,705.17,214.3,130.84,3.2905739617358845,490870000000.0,0.18554391139725174,0.22825327849771088
2023-03-31,730870000000.0,225650000000.0,146100000000.0,HINDUNILVR.NS,0.024232665394402,730.87,225.65,146.1,3.2389541325060933,505220000000.0,0.1998987508038365,0.21847554115098494
2024-03-31,784990000000.0,270760000000.0,154760000000.0,HINDUNILVR.NS,0.0289741887617634,784.99,270.76,154.76,2.8992096321465506,514230000000.0,0.19714900826762125,0.2205655611324345
2021-03-31,738193000000.0,131251500000.0,196283400000.0,ITC.NS,0.0044936529099708,738.193,131.2515,196.2834,5.624263341752285,606941500000.0,0.2658971298833774,0.3152248052767553
2022-03-31,772595500000.0,144376800000.0,225122400000.0,ITC.NS,0.0039938791688235,772.5955,144.3768,225.1224,5.351244105701193,628218700000.0,0.29138456022588793,0.3144977077749238
2023-03-31,858829800000.0,163441900000.0,277673300000.0,ITC.NS,0.0044254045173136,858.8298,163.4419,277.6733,5.25464889970075,695387900000.0,0.32331586537868157,0.3401896954696704
2024-03-31,918261600000.0,169361900000.0,290022300000.0,ITC.NS,0.0040725032547277,918.2616,169.3619,290.0223,5.421890047289266,748899700000.0,0.31583842774215976,0.34726715265725944
2020-12-31,78997300000.0,58803900000.0,33473500000.0,NESTLEIND.NS,0.073038715619955,78.9973,58.8039,33.4735,1.3434023933786705,20193400000.0,0.4237296717735923,0.2131253498829209
2021-12-31,82341300000.0,62877500000.0,34500200000.0,NESTLEIND.NS,0.1369002969615388,82.3413,62.8775,34.5002,1.3095511112878215,19463800000.0,0.4189902272614107,0.2163553791706728
2022-12-31,89787400000.0,65195700000.0,38135500000.0,NESTLEIND.NS,0.1100045950462961,89.7874,65.1957,38.1355,1.3771981894511447,24591700000.0,0.424731086989934,0.19925155736938438
2021-03-31,164520000000.0,89500000000.0,19060000000.0,TITAN.NS,0.7521675336801387,164.52,89.5,19.06,1.8382122905027933,75020000000.0,0.11585217602723073,0.09839859298343052
2022-03-31,211940000000.0,118610000000.0,35210000000.0,TITAN.NS,0.7821132967859831,211.94,118.61,35.21,1.7868645139532924,93330000000.0,0.16613192412947062,0.10338947661469933
2023-03-31,270230000000.0,151190000000.0,51880000000.0,TITAN.NS,0.7903974348156274,270.23,151.19,51.88,1.7873536609564125,119040000000.0,0.19198460570625023,0.11076223205676565
2024-03-31,315500000000.0,221570000000.0,58260000000.0,TITAN.NS,1.653145959757266,315.5,221.57,58.26,1.4239292322967911,93930000000.0,0.18465927099841523,0.09272420292131305
2021-03-31,80087800000.0,44247800000.0,28177700000.0,BRITANNIA.NS,0.598002627083768,80.0878,44.2478,28.1777,1.8099837732045434,35840000000.0,0.3518351109657151,0.17941728039344754
2022-03-31,75274100000.0,49418100000.0,24205800000.0,BRITANNIA.NS,0.969938626324225,75.2741,49.4181,24.2058,1.5232091075941812,25856000000.0,0.3215687733230952,0.14349353552289154
2023-03-31,93527200000.0,57882200000.0,34243900000.0,BRITANNIA.NS,0.8509876155471993,93.5272,57.8822,34.2439,1.6158197165968122,35645000000.0,0.3661384067950286,0.16331600447922728
2024-03-31,90735600000.0,51075400000.0,33760700000.0,BRITANNIA.NS,0.5263527776086383,90.7356,51.0754,33.7607,1.7765029740344667,39660200000.0,0.37207777322241764,0.17341614786709464
2021-03-31,108471300000.0,31469100000.0,23202000000.0,DABUR.NS,0.0664263074588342,108.4713,31.4691,23.202,3.4469145924096973,77002200000.0,0.21389989794535513,0.18697575992789087
2022-03-31,122845300000.0,38626800000.0,25537400000.0,DABUR.NS,0.1229045613448987,122.8453,38.6268,25.5374,3.180312632679901,84218500000.0,0.20788259705499518,0.18639937157835423
2023-03-31,136543700000.0,42129400000.0,25987800000.0,DABUR.NS,0.1308097614467874,136.5437,42.1294,25.9878,3.2410549402554985,94414300000.0,0.19032588101831135,0.1635241206632646
2024-03-31,151226800000.0,48196000000.0,28681300000.0,DABUR.NS,0.1383588579305312,151.2268,48.196,28.6813,3.1377458710266413,103030800000.0,0.18965752102140626,0.1646401585430998
2021-03-31,28940148000.0,17281518000.0,15399754000.0,COLPAL.NS,0.0782043001621974,28.940148,17.281518,15.399754,1.6746299717420656,11658630000.0,0.5321242310163722,0.27585623118912883
2022-03-31,29018314000.0,11671538000.0,15922087000.0,COLPAL.NS,0.0478784069154983,29.018314,11.671538,15.922087,2.4862459429082953,17346776000.0,0.548690974947752,0.2728688467177133
2023-03-31,28829893000.0,11666050000.0,15893902000.0,COLPAL.NS,0.0401783563273096,28.829893,11.66605,15.893902,2.4712643096849405,17163843000.0,0.5512993752699672,0.2630628110470776
2024-03-31,31965277000.0,13221661000.0,19578320000.0,COLPAL.NS,0.0382793266784808,31.965277,13.221661,19.57832,2.4176445758214493,18743616000.0,0.6124871059306009,0.304734632175135
2021-03-31,13212120000000.0,5217800000000.0,999400000000.0,RELIANCE.NS,0.3715158561039287,13212.12,5217.8,999.4,2.5321246502357315,7994320000000.0,0.07564266749015298,0.11600388928390917
2022-03-31,14996650000000.0,6106810000000.0,1263740000000.0,RELIANCE.NS,0.3617439719815006,14996.65,6106.81,1263.74,2.455725657094293,8889840000000.0,0.084268153220886,0.11317124617256953
2023-03-31,16074310000000.0,7785500000000.0,1533070000000.0,RELIANCE.NS,0.4671114389164543,16074.31,7785.5,1533.07,2.0646471003789095,8288810000000.0,0.09537392273758563,0.1162120444047002
2024-03-31,17559860000000.0,8301980000000.0,1773310000000.0,RELIANCE.NS,0.4362322475270359,17559.86,8301.98,1773.31,2.115141207278264,9257880000000.0,0.10098656823004283,0.12392682428773096
2021-03-31,5432787530000.0,3006819650000.0,602995540000.0,ONGC.NS,0.6363390562977342,5432.78753,3006.81965,602.99554,1.8068218790574953,2425967880000.0,0.11099192388258187,0.10874930250271009
2022-03-31,5853902880000.0,3012036060000.0,847865240000.0,ONGC.NS,0.4685244989654759,5853.90288,3012.03606,847.86524,1.9435035847479196,2841866820000.0,0.14483759935559437,0.12475328533008581
2023-03-31,6180083380000.0,3146256070000.0,776688670000.0,ONGC.NS,0.5294580045465972,6180.08338,3146.25607,776.68867,1.96426585837306,3033827310000.0,0.12567608270683234,0.10693049451479532
2024-03-31,7101929680000.0,3451024210000.0,1159123620000.0,ONGC.NS,0.4763853765108717,7101.92968,3451.02421,1159.12362,2.057919402425751,3650905470000.0,0.16321248903157262,0.13916393100592464
2021-03-31,1609815500000.0,1074264800000.0,287128600000.0,BPCL.NS,1.0182389827891178,1609.8155,1074.2648,287.1286,1.4985276442083926,535550700000.0,0.17836118486870078,0.07448485543932606
2022-03-31,1875286300000.0,1356230100000.0,238024000000.0,BPCL.NS,1.2432988951870725,1875.2863,1356.2301,238.024,1.3827198644241858,519056200000.0,0.12692675246441038,0.04276186274477748
2023-03-31,1881381900000.0,1346158300000.0,131202400000.0,BPCL.NS,1.2962064826737834,1881.3819,1346.1583,131.2024,1.3975933588196872,535223600000.0,0.06973725005008287,0.01592117303878265
2024-03-31,2024177500000.0,1267826400000.0,470661100000.0,BPCL.NS,0.7218744046250478,2024.1775,1267.8264,470.6611,1.5965730797213247,756351100000.0,0.23251967774565224,0.08412668107056037
2021-03-31,3549159200000.0,2421019300000.0,460504800000.0,IOC.NS,1.043017649181115,3549.1592,2421.0193,460.5048,1.4659772435519205,1128139900000.0,0.1297503927127304,0.08870377194065551
2022-03-31,4106248500000.0,2754982000000.0,509329700000.0,IOC.NS,0.98865025680873,4106.2485,2754.982,509.3297,1.4904810630341687,1351266500000.0,0.12403771958759924,0.063459872599292
2023-03-31,4417184800000.0,2985041400000.0,348659400000.0,IOC.NS,1.0662526774932537,4417.1848,2985.0414,348.6594,1.4797733793574857,1432143400000.0,0.07893249111968328,0.031313689333031865
2024-03-31,4823620000000.0,2941990200000.0,807377200000.0,IOC.NS,0.7230959390898092,4823.62,2941.9902,807.3772,1.6395771814603597,1881629800000.0,0.1673799345719605,0.07937549361638004
2021-03-31,810098900000.0,277300600000.0,100627900000.0,GAIL.NS,0.1480305304354791,810.0989,277.3006,100.6279,2.9213744939607054,532798300000.0,0.12421680858966726,0.09547788283722448
2022-03-31,965594000000.0,322539400000.0,180858800000.0,GAIL.NS,0.1437389611175544,965.594,322.5394,180.8588,2.9937241775733447,643054600000.0,0.18730315225653846,0.14199480072039905
2023-03-31,1077807500000.0,426737700000.0,104231700000.0,GAIL.NS,0.2744014355719917,1077.8075,426.7377,104.2317,2.5256908400640485,651069800000.0,0.09670715781807047,0.03425945110314106
2024-03-31,1247172300000.0,475214500000.0,170329700000.0,GAIL.NS,0.2830463401386908,1247.1723,475.2145,170.3297,2.6244407525443774,771957800000.0,0.1365727093201156,0.08338009985957999
2021-03-31,1714704000000.0,1345519900000.0,0.0,BAJFINANCE.NS,2.867781954856669,1714.704,1345.5199,0.0,1.2743802600021004,369184100000.0,0.0,0.0
2022-03-31,2125058600000.0,1687931700000.0,0.0,BAJFINANCE.NS,3.0400394027455184,2125.0586,1687.9317,0.0,1.2589719121928926,437126900000.0,0.0,0.0
2023-03-31,2752263100000.0,2208543300000.0,0.0,BAJFINANCE.NS,3.024847357039416,2752.2631,2208.5433,0.0,1.246189332126746,543719800000.0,0.0,0.0
2024-03-31,3757416200000.0,2990462700000.0,0.0,BAJFINANCE.NS,2.8481141294746037,3757.4162,2990.4627,0.0,1.256466499314638,766953500000.0,0.0,0.0
2021-03-31,4008668700000.0,3571029400000.0,0.0,RECLTD.NS,7.534135074249502,4008.6687,3571.0294,0.0,1.122552701470338,437639300000.0,0.0,0.0
2022-03-31,4108600900000.0,3595459900000.0,0.0,RECLTD.NS,6.4902759670344015,4108.6009,3595.4599,0.0,1.14271915534366,513141000000.0,0.0,0.0
2023-03-31,4655027500000.0,4073822400000.0,0.0,RECLTD.NS,6.551727780778249,4655.0275,4073.8224,0.0,1.142668246902467,581205100000.0,0.0,0.0
2024-03-31,5481910900000.0,4788408500000.0,0.0,RECLTD.NS,6.42488764278249,5481.9109,4788.4085,0.0,1.1448294146165683,693502400000.0,0.0,0.0
2021-03-31,7757070800000.0,6939168300000.0,0.0,PFC.NS,11.342619440529704,7757.0708,6939.1683,0.0,1.117867511586367,817902500000.0,0.0,0.0
2022-03-31,7910002700000.0,6947251200000.0,0.0,PFC.NS,9.626226905875644,7910.0027,6947.2512,0.0,1.1385802056502579,962751500000.0,0.0,0.0
2023-03-31,8961118600000.0,7841305800000.0,0.0,PFC.NS,9.275838480467034,8961.1186,7841.3058,0.0,1.1428094795129657,1119812800000.0,0.0,0.0
2024-03-31,10388773800000.0,9045888400000.0,0.0,PFC.NS,8.813950658038808,10388.7738,9045.8884,0.0,1.1484525721099985,1342885400000.0,0.0,0.0
2021-03-31,1307590000000.0,436510000000.0,484620000000.0,TCS.NS,0.0901854615713905,1307.59,436.51,484.62,2.9955556573732562,871080000000.0,0.3706207603300729,0.2599755142315915
2022-03-31,1415140000000.0,516680000000.0,570750000000.0,TCS.NS,0.0877057180358765,1415.14,516.68,570.75,2.738909963613842,898460000000.0,0.4033169863052419,0.2533871522888701
2023-03-31,1436510000000.0,524450000000.0,627080000000.0,TCS.NS,0.0850216756613288,1436.51,524.45,627.08,2.7390790351797123,912060000000.0,0.43653020166932355,0.2411846108809623
2024-03-31,1464490000000.0,551300000000.0,677600000000.0,TCS.NS,0.0886406082507266,1464.49,551.3,677.6,2.6564302557591146,913190000000.0,0.4626866690793382,0.24668628810301668
2021-03-31,14825000000.0,4323000000.0,4063000000.0,INFY.NS,0.0697184447423865,14.825,4.323,4.063,3.4293314827665973,10502000000.0,0.27406408094435075,0.24518840793451807
2022-03-31,15555000000.0,5561000000.0,4529000000.0,INFY.NS,0.0726285081983703,15.555,5.561,4.529,2.7971587843912964,9994000000.0,0.2911603985856638,0.2302127398688002
2023-03-31,15312000000.0,6088000000.0,4684000000.0,INFY.NS,0.1101177496729175,15.312,6.088,4.684,2.515111695137976,9224000000.0,0.3059038662486938,0.21194816604436637
2024-03-31,16523000000.0,5918000000.0,4967000000.0,INFY.NS,0.0948953499384411,16.523,5.918,4.967,2.7919905373436973,10605000000.0,0.3006112691399867,0.20735912078439822
2021-03-31,861940000000.0,261120000000.0,208400000000.0,HCLTECH.NS,0.1085073356366731,861.94,261.12,208.4,3.3009344362745097,600820000000.0,0.2417801703134789,0.2047917855105533
2022-03-31,890330000000.0,270270000000.0,215960000000.0,HCLTECH.NS,0.1024485576767774,890.33,270.27,215.96,3.294224294224294,620060000000.0,0.24256174676805228,0.18918634925453293
2023-03-31,934110000000.0,280130000000.0,239860000000.0,HCLTECH.NS,0.0731748337283082,934.11,280.13,239.86,3.334558954770999,653980000000.0,0.2567791801822055,0.18217749566314465
2024-03-31,997770000000.0,315060000000.0,256930000000.0,HCLTECH.NS,0.0843209352064808,997.77,315.06,256.93,3.166920586554942,682710000000.0,0.25750423444280746,0.18220774612648186
2021-03-31,396780000000.0,144335000000.0,75572000000.0,TECHM.NS,0.1166619746631811,396.78,144.335,75.572,2.7490213738871376,252445000000.0,0.19046322899339685,0.1475970212732234
2022-03-31,448707000000.0,174896000000.0,91136000000.0,TECHM.NS,0.0973900623751659,448.707,174.896,91.136,2.5655646784374713,273811000000.0,0.20310804155049955,0.14699861129776465
2023-03-31,461533000000.0,177586000000.0,84478000000.0,TECHM.NS,0.098128883238733,461.533,177.586,84.478,2.5989267171961754,283947000000.0,0.1830378326143526,0.11727484603172815
2024-03-31,434236000000.0,162768000000.0,50926000000.0,TECHM.NS,0.0951165005586927,434.236,162.768,50.926,2.6678216848520595,271468000000.0,0.11727724094731896,0.06581723418372744
2021-03-31,831434000000.0,276841000000.0,170961000000.0,WIPRO.NS,0.1889621131993599,831.434,276.841,170.961,3.003290697548412,554593000000.0,0.20562185332810543,0.19382012495358641
2022-03-31,1079182000000.0,420509000000.0,187511000000.0,WIPRO.NS,0.2673051151851075,1079.182,420.509,187.511,2.5663707554416195,658673000000.0,0.17375289802832145,0.1718613689637821
2023-03-31,1175822000000.0,394069000000.0,191136000000.0,WIPRO.NS,0.2235970935680599,1175.822,394.069,191.136,2.983797253780429,781753000000.0,0.16255521669096173,0.149303329959022
2024-03-31,1152459000000.0,401236000000.0,193833000000.0,WIPRO.NS,0.2195662523353643,1152.459,401.236,193.833,2.872272178966992,751223000000.0,0.16819079897853198,0.1489856874364279
2021-03-31,3112737100000.0,2233536500000.0,189538200000.0,LT.NS,1.7554862338837989,3112.7371,2233.5365,189.5382,1.393636101312873,879200600000.0,0.06089116874020617,0.11616863138051745
2022-03-31,3200672400000.0,2246935100000.0,204884200000.0,LT.NS,1.5183338539160074,3200.6724,2246.9351,204.8842,1.4244614363806058,953737300000.0,0.06401286179741482,0.12424195005333631
2023-03-31,3303523100000.0,2267850900000.0,236709100000.0,LT.NS,1.3506762592505313,3303.5231,2267.8509,236.7091,1.4566756130220024,1035672200000.0,0.07165353255740818,0.10735069669718535
2024-03-31,3396272400000.0,2370775800000.0,277283200000.0,LT.NS,1.3469574303803509,3396.2724,2370.7758,277.2832,1.4325573932381122,1025496600000.0,0.08164339232624568,0.0991762844550292
2021-03-31,203696200000.0,71404700000.0,51872500000.0,ASIANPAINT.NS,0.0853479032569151,203.6962,71.4047,51.8725,2.8527001723976153,132291500000.0,0.25465619879015905,0.18915035111379808
2022-03-31,229844500000.0,87853600000.0,50994900000.0,ASIANPAINT.NS,0.1148921627969613,229.8445,87.8536,50.9949,2.6162217598368196,141990900000.0,0.22186695787804364,0.13598778218707835
2023-03-31,257980000000.0,93521100000.0,66913000000.0,ASIANPAINT.NS,0.1208474365363679,257.98,93.5211,66.913,2.758521873673428,164458900000.0,0.25937281959841846,0.15953084602475637
2024-03-31,299240900000.0,105004100000.0,84059400000.0,ASIANPAINT.NS,0.1321198400281926,299.2409,105.0041,84.0594,2.8498020553483148,194236800000.0,0.2809087928822564,0.19089192895578017
2021-03-31,1471630000000.0,1021720000000.0,204920000000.0,JSWSTEEL.NS,1.4624205218153914,1471.63,1021.72,204.92,1.4403456915789061,449910000000.0,0.13924695745533863,0.1972482353091892
2022-03-31,1964850000000.0,1279500000000.0,400340000000.0,JSWSTEEL.NS,1.0730195996849785,1964.85,1279.5,400.34,1.5356389214536927,685350000000.0,0.20375092246227447,0.23350645558267108
2023-03-31,2110780000000.0,1440390000000.0,193890000000.0,JSWSTEEL.NS,1.622726234873278,2110.78,1440.39,193.89,1.465422559168003,670390000000.0,0.09185703863026938,0.0804113757745377
2024-03-31,2281980000000.0,1484220000000.0,291830000000.0,JSWSTEEL.NS,1.360195187269052,2281.98,1484.22,291.83,1.5374944415248413,797760000000.0,0.12788455639400872,0.11875680812107443
2021-03-31,861835100000.0,420031100000.0,120507100000.0,ULTRACEMCO.NS,0.4690309018650503,861.8351,420.0311,120.5071,2.051836399733258,441804000000.0,0.1398261686023231,0.19991419399886934
2022-03-31,838277900000.0,333955800000.0,119648400000.0,ULTRACEMCO.NS,0.2041963887573121,838.2779,333.9558,119.6484,2.510146252887358,504322100000.0,0.14273118735445608,0.17089880936840346
2023-03-31,913869600000.0,370067900000.0,110661900000.0,ULTRACEMCO.NS,0.2035496296885348,913.8696,370.0679,110.6619,2.4694646577020056,543801700000.0,0.1210915649234858,0.12155023613356947
2024-03-31,1008020100000.0,405185900000.0,135273000000.0,ULTRACEMCO.NS,0.1893313484143783,1008.0201,405.1859,135.273,2.487796589170551,602834200000.0,0.13419672881522898,0.13849527421256097
2021-03-31,88304200000.0,29974200000.0,17603800000.0,PIDILITIND.NS,0.0591815425105847,88.3042,29.9742,17.6038,2.9460068992667026,58330000000.0,0.19935405110968674,0.206200040822406
2022-03-31,95156200000.0,29130100000.0,18954700000.0,PIDILITIND.NS,0.0649357950313177,95.1562,29.1301,18.9547,3.26659366085252,66026100000.0,0.19919563832939946,0.166539979372407
2023-03-31,105250200000.0,30791000000.0,20406200000.0,PIDILITIND.NS,0.0541590176754091,105.2502,30.791,20.4062,3.4182131142216883,74459200000.0,0.19388276696861384,0.14908667911317758
2024-03-31,121039500000.0,34869400000.0,27508400000.0,PIDILITIND.NS,0.0454933651792043,121.0395,34.8694,27.5084,3.4712240531812992,86170100000.0,0.2272679579806592,0.1947569398568704
2021-03-31,215131700000.0,60646000000.0,45153800000.0,SHREECEM.NS,0.1448217589841408,215.1317,60.646,45.1538,3.5473353560003957,154485700000.0,0.20988910513885214,0.21337847159772608
2022-03-31,237488800000.0,62383100000.0,42503000000.0,SHREECEM.NS,0.1219464979943047,237.4888,62.3831,42.503,3.8069413030131556,175105700000.0,0.1789684397748441,0.17476118225155446
2023-03-31,263339400000.0,76569800000.0,34152900000.0,SHREECEM.NS,0.146201519606791,263.3394,76.5698,34.1529,3.4392071025391213,186769600000.0,0.12969156913093902,0.07425130611477297
2024-03-31,279534700000.0,72094300000.0,51114600000.0,SHREECEM.NS,0.0799669805032333,279.5347,72.0943,51.1146,3.8773481398668133,207440400000.0,0.18285601036293525,0.12893658363719077
2021-03-31,2454872100000.0,1679787600000.0,306951800000.0,TATASTEEL.NS,1.1921184847216624,2454.8721,1679.7876,306.9518,1.4614181578671017,775084500000.0,0.12503779728483613,0.11381748932647566
2022-03-31,2854456000000.0,1683471400000.0,647979400000.0,TATASTEEL.NS,0.6602529083463704,2854.456,1683.4714,647.9794,1.6955773647238677,1170984600000.0,0.2270062666931983,0.21801449422426825
2023-03-31,2880217400000.0,1828465300000.0,338752300000.0,TATASTEEL.NS,0.8235479292719105,2880.2174,1828.4653,338.7523,1.5752103143548855,1051752100000.0,0.11761344820706937,0.0811852112421046
2024-03-31,2734235000000.0,1809907600000.0,162488900000.0,TATASTEEL.NS,0.946177007719608,2734.235,1809.9076,162.4889,1.510704192854928,924327400000.0,0.05942755469080017,0.04604731623317944
2021-03-31,1617815700000.0,1248231300000.0,221646200000.0,COALINDIA.NS,0.1611351422994433,1617.8157,1248.2313,221.6462,1.296086470512316,369584400000.0,0.13700336818340927,0.17992622740647987
2022-03-31,1934846000000.0,1496677700000.0,285864400000.0,COALINDIA.NS,0.0814416415718503,1934.846,1496.6777,285.8644,1.292760625751289,438168300000.0,0.1477452985922394,0.23922787573945256
2023-03-31,2224306600000.0,1608170400000.0,506536300000.0,COALINDIA.NS,0.0711901941606033,2224.3066,1608.1704,506.5363,1.3831286784037313,616136200000.0,0.22772773321807344,0.2956652812942232
2024-03-31,2376722600000.0,1540903600000.0,561278500000.0,COALINDIA.NS,0.0788474235033624,2376.7226,1540.9036,561.2785,1.5424213429055522,835819000000.0,0.23615650391846318,0.3184259626976701
2021-03-31,1771247000000.0,1037198000000.0,296853000000.0,VEDL.NS,0.9846663599026336,1771.247,1037.198,296.853,1.707723115547851,734049000000.0,0.16759548498882426,0.21511115204402334
2022-03-31,1983820000000.0,1156780000000.0,463810000000.0,VEDL.NS,0.8186990502118288,1983.82,1156.78,463.81,1.714950120161137,827040000000.0,0.23379641298101642,0.27448320019513384
2023-03-31,1953770000000.0,1459500000000.0,367190000000.0,VEDL.NS,1.6893691499885857,1953.77,1459.5,367.19,1.3386570743405275,494270000000.0,0.1879392149536537,0.16701741355120905
2024-03-31,1908070000000.0,1487380000000.0,395400000000.0,VEDL.NS,2.3683028448668706,1908.07,1487.38,395.4,1.282839624036897,420690000000.0,0.20722510180444115,0.1751003223008188
2021-03-31,457270000000.0,134140000000.0,134560000000.0,HINDZINC.NS,0.2228514839228793,457.27,134.14,134.56,3.4089011480542717,323130000000.0,0.2942681566689265,0.4196003805899144
2022-03-31,446700000000.0,103890000000.0,172820000000.0,HINDZINC.NS,0.0911291969312447,446.7,103.89,172.82,4.299740109731447,342810000000.0,0.3868815760017909,0.4679055227509552
2023-03-31,354670000000.0,225350000000.0,188370000000.0,HINDZINC.NS,0.9424682957005877,354.67,225.35,188.37,1.5738628799644996,129320000000.0,0.5311134293850621,0.43351767251743206
2024-03-31,338950000000.0,187000000000.0,146600000000.0,HINDZINC.NS,0.6002632444883185,338.95,187.0,146.6,1.812566844919786,151950000000.0,0.4325121699365688,0.3698810626023787
2021-03-31,369297900000.0,70322000000.0,91408700000.0,NMDC.NS,0.0779552972237698,369.2979,70.322,91.4087,5.251527260316828,298975900000.0,0.24752022689541425,0.5570573940878527
2022-03-31,261484900000.0,81167900000.0,133429900000.0,NMDC.NS,0.168500825551871,261.4849,81.1679,133.4299,3.221530925402776,180317000000.0,0.5102776489196891,0.4752516773676968
2023-03-31,299529200000.0,73178600000.0,80589100000.0,NMDC.NS,0.0940668401645739,299.5292,73.1786,80.5891,4.09312558589533,226350600000.0,0.26905256649435183,0.3239045133089105
2024-03-31,356610300000.0,99881200000.0,83903200000.0,NMDC.NS,0.1309164753526479,356.6103,99.8812,83.9032,3.5703445693483857,256729100000.0,0.235279799826309,0.3258572392298473
2021-03-31,676667300000.0,181869000000.0,50204100000.0,SUNPHARMA.NS,0.0832619141601083,676.6673,181.869,50.2041,3.720630233849639,494798300000.0,0.07419318178963281,0.19300768992822812
2022-03-31,697998700000.0,187337600000.0,67524100000.0,SUNPHARMA.NS,0.0268749679762355,697.9987,187.3376,67.5241,3.725886848128726,510661100000.0,0.09673957845480229,0.2107929908640982
2023-03-31,807435900000.0,214281200000.0,121108600000.0,SUNPHARMA.NS,0.1229721094847467,807.4359,214.2812,121.1086,3.7681135815927855,593154700000.0,0.1499915968561715,0.2143623435639609
2024-03-31,854628800000.0,183569100000.0,138831500000.0,SUNPHARMA.NS,0.0514188332214224,854.6288,183.5691,138.8315,4.6556245032524535,671059700000.0,0.16244654989394225,0.2191901119068981
2021-03-31,265491000000.0,92429000000.0,40179000000.0,DRREDDY.NS,0.1751279888132576,265.491,92.429,40.179,2.8723777169503077,173062000000.0,0.15133846345073845,0.17346433202264364
2022-03-31,292827000000.0,102300000000.0,45080000000.0,DRREDDY.NS,0.1776388648328058,292.827,102.3,45.08,2.862434017595308,190527000000.0,0.1539475526505411,0.16753968216949405
2023-03-31,321854000000.0,90863000000.0,74431000000.0,DRREDDY.NS,0.058322618630163,321.854,90.863,74.431,3.542189890274369,230991000000.0,0.23125702958484282,0.24017504544918433
2024-03-31,387518000000.0,106968000000.0,88422000000.0,DRREDDY.NS,0.0713598289075031,387.518,106.968,88.422,3.6227469897539453,280550000000.0,0.2281752073452072,0.23394133914114998
2021-03-31,251518900000.0,65663000000.0,44461600000.0,CIPLA.NS,0.109917698549589,251.5189,65.663,44.4616,3.8304509388849124,185855900000.0,0.17677240159685814,0.17119501677855883
2022-03-31,271011200000.0,59837400000.0,45882000000.0,CIPLA.NS,0.0506571204158587,271.0112,59.8374,45.882,4.529127268230237,211173800000.0,0.16929927619227544,0.16511911192340137
2023-03-31,294632800000.0,57497400000.0,51521000000.0,CIPLA.NS,0.0343099601927222,294.6328,57.4974,51.521,5.124280402244276,237135400000.0,0.1748651202445892,0.17878511185332918
2024-03-31,327178200000.0,59154900000.0,67146400000.0,CIPLA.NS,0.0209466409400283,327.1782,59.1549,67.1464,5.53087233686474,268023300000.0,0.20522883248333781,0.21097724924675684
2021-03-31,3988876400000.0,2696254600000.0,375478000000.0,NTPC.NS,1.6717864469004593,3988.8764,2696.2546,375.478,1.479413850605948,1292621800000.0,0.09413126964776347,0.1960898212402966
2022-03-31,4165964100000.0,2774622600000.0,437036900000.0,NTPC.NS,1.5564803040826087,4165.9641,2774.6226,437.0369,1.5014525218672983,1391341500000.0,0.10490654492197857,0.19405767075148725
2023-03-31,4479132500000.0,2969596300000.0,500083900000.0,NTPC.NS,1.5161770760350222,4479.1325,2969.5963,500.0839,1.5083304420873638,1509536200000.0,0.11164748977620108,0.19085141761234956
2024-03-31,4801965700000.0,3150742900000.0,555853900000.0,NTPC.NS,1.475527702913466,4801.9657,3150.7429,555.8539,1.5240741159807105,1651222800000.0,0.1157554915479717,0.18744818416020725
2021-03-31,2556894700000.0,1857534000000.0,359060200000.0,POWERGRID.NS,2.0979159967095664,2556.8947,1857.534,359.0602,1.3764995418657209,699360700000.0,0.14042823116650052,0.5865519888511261
2022-03-31,2551983900000.0,1789421000000.0,409213700000.0,POWERGRID.NS,1.8211725222929152,2551.9839,1789.421,409.2137,1.4261506375525939,762562900000.0,0.16035120754484383,0.5703914122067694
2023-03-31,2522730600000.0,1692467700000.0,392501000000.0,POWERGRID.NS,1.5907167476711292,2522.7306,1692.4677,392.501,1.490563512674422,830262900000.0,0.15558577677695748,0.5799461972920485
2024-03-31,2508905200000.0,1637454100000.0,411255900000.0,POWERGRID.NS,1.4573819460437882,2508.9052,1637.4541,411.2559,1.5321987956792193,871451100000.0,0.16391846929887985,0.5889588317468936
2021-03-31,988390900000.0,735895300000.0,85224400000.0,TATAPOWER.NS,2.0924503164106145,988.3909,735.8953,85.2244,1.343113483670843,252495600000.0,0.08622539928281411,0.1321392915519147
2022-03-31,1128846000000.0,868561400000.0,97170900000.0,TATAPOWER.NS,2.281267879773064,1128.846,868.5614,97.1709,1.2996732297797253,260284600000.0,0.08607985500236524,0.10485971763105642
2023-03-31,1283490400000.0,941449200000.0,129403200000.0,TATAPOWER.NS,1.8384096808919723,1283.4904,941.4492,129.4032,1.3633134958317454,342041200000.0,0.10082132285523912,0.08129553393063736
2024-03-31,1395534900000.0,1012207200000.0,137683700000.0,TATAPOWER.NS,1.6593744021456769,1395.5349,1012.2072,137.6837,1.3787047750697683,383327700000.0,0.09866016249396557,0.1126375541642938
