Date,Total_Assets,Total_Liabilities,EBITDA,Operating_Margin_%,Date_x,Stock,Debt_Equity_Ratio,Date_y
2020-03-31,,,,,2020-03-31,TCS.NS,,2020-03-31
2021-03-31,1307590000000.0,436510000000.0,484620000000.0,25.99755142315915,2021-03-31,TCS.NS,0.09018546157139055,2021-03-31
2022-03-31,1415140000000.0,516680000000.0,570750000000.0,25.33871522888701,2022-03-31,TCS.NS,0.08770571803587655,2022-03-31
2023-03-31,1436510000000.0,524450000000.0,627080000000.0,24.11846108809623,2023-03-31,TCS.NS,0.08502167566132886,2023-03-31
2024-03-31,1464490000000.0,551300000000.0,677600000000.0,24.66862881030167,2024-03-31,TCS.NS,0.0886406082507266,2024-03-31
2020-03-31,,,,,2020-03-31,MARUTI.NS,,2020-03-31
2021-03-31,713761000000.0,188755000000.0,84391000000.0,3.4459918954283077,2021-03-31,MARUTI.NS,0.01030273939726403,2021-03-31
2022-03-31,746555000000.0,193220000000.0,76128000000.0,3.5016344013300644,2022-03-31,MARUTI.NS,0.007689735874289535,2022-03-31
2023-03-31,1003854000000.0,257852000000.0,155365000000.0,7.263230806013811,2023-03-31,MARUTI.NS,0.016723815753845163,2023-03-31
2024-03-31,1153508000000.0,297148000000.0,228739000000.0,9.822118082878701,2024-03-31,MARUTI.NS,0.0013849315708346958,2024-03-31
2020-03-31,,,,,2020-03-31,TATAMOTORS.NS,,2020-03-31
2021-03-31,3342794400000.0,2823658600000.0,193751300000.0,-3.096793504466457,2021-03-31,TATAMOTORS.NS,2.8237423229629712,2021-03-31
2022-03-31,3306199300000.0,2817876300000.0,271441400000.0,56.10379892138081,2022-03-31,TATAMOTORS.NS,3.3145179532706,2022-03-31
2023-03-31,3360813800000.0,2834818700000.0,384797700000.0,-2.0816532365375924,2023-03-31,TATAMOTORS.NS,3.0142995234742496,2023-03-31
2024-03-31,3706639600000.0,2775700300000.0,652110000000.0,2.318234054153517,2024-03-31,TATAMOTORS.NS,1.2931342487731108,2024-03-31
2020-03-31,,,,,2020-03-31,BAJAJ-AUTO.NS,,2020-03-31
2021-03-31,336017100000.0,63282700000.0,65074600000.0,17.15386770322868,2021-03-31,BAJAJ-AUTO.NS,,2021-03-31
2022-03-31,351112100000.0,52515500000.0,79301000000.0,16.11393210974117,2022-03-31,BAJAJ-AUTO.NS,,2022-03-31
2023-03-31,351364500000.0,57749000000.0,81673400000.0,17.129922648137182,2023-03-31,BAJAJ-AUTO.NS,0.0,2023-03-31
2024-03-31,393436900000.0,103812700000.0,104651700000.0,18.88265701401121,2024-03-31,BAJAJ-AUTO.NS,0.0616626862198277,2024-03-31
2020-03-31,,,,,2020-03-31,HEROMOTOCO.NS,,2020-03-31
2021-03-31,230960900000.0,75364800000.0,46108500000.0,11.129336760412183,2021-03-31,HEROMOTOCO.NS,0.03788298450613048,2021-03-31
2022-03-31,224783900000.0,64836900000.0,38007300000.0,9.58697809759525,2022-03-31,HEROMOTOCO.NS,0.03818914407777038,2022-03-31
2023-03-31,239170300000.0,71364000000.0,46658800000.0,10.221674730835398,2023-03-31,HEROMOTOCO.NS,0.03407508719305313,2023-03-31
2024-03-31,261527900000.0,83182200000.0,59239300000.0,12.19613910252472,2024-03-31,HEROMOTOCO.NS,0.03426254257321916,2024-03-31
2020-03-31,,,,,2020-03-31,M&M.NS,,2020-03-31
2021-03-31,1664624900000.0,1158102600000.0,147052100000.0,14.184871609370411,2021-03-31,M&M.NS,1.9389395679660775,2021-03-31
2022-03-31,1741128000000.0,1172875400000.0,177790300000.0,12.641490702669502,2022-03-31,M&M.NS,1.6468773820821583,2022-03-31
2023-03-31,2058917700000.0,1388096600000.0,240884200000.0,13.431249127396939,2023-03-31,M&M.NS,1.6365751282825984,2023-03-31
2024-03-31,2363007300000.0,1587913900000.0,278480400000.0,14.439913454066525,2024-03-31,M&M.NS,1.6108873547658993,2024-03-31
2020-03-31,,,,,2020-03-31,EICHERMOT.NS,,2020-03-31
2021-03-31,145586100000.0,31205300000.0,22655700000.0,15.478620479451738,2021-03-31,EICHERMOT.NS,0.01916842686884512,2021-03-31
2022-03-31,162009900000.0,35929900000.0,26732200000.0,16.987341847148286,2022-03-31,EICHERMOT.NS,0.008542988578680202,2022-03-31
2023-03-31,191976400000.0,42073600000.0,43538600000.0,20.917613696484878,2023-03-31,EICHERMOT.NS,0.019239800724202616,2023-03-31
2024-03-31,231279300000.0,50824000000.0,58505000000.0,23.392542327778333,2024-03-31,EICHERMOT.NS,0.023243429259212668,2024-03-31
2020-03-31,,,,,2020-03-31,HDFCBANK.NS,,2020-03-31
2021-03-31,17979782000000.0,15816377200000.0,,,2021-03-31,HDFCBANK.NS,0.6873609830283766,2021-03-31
2022-03-31,21113705500000.0,18604252100000.0,,,2022-03-31,HDFCBANK.NS,0.8729660963357956,2022-03-31
2023-03-31,25755624000000.0,22837786100000.0,,,2023-03-31,HDFCBANK.NS,1.0822718365530233,2023-03-31
2024-03-31,44118573000000.0,36232390200000.0,,,2024-03-31,HDFCBANK.NS,1.164987862814699,2024-03-31
2020-03-31,,,,,2020-03-31,ICICIBANK.NS,,2020-03-31
2021-03-31,15738122446000.0,14066364048000.0,,,2021-03-31,ICICIBANK.NS,0.8901752617111913,2021-03-31
2022-03-31,17526373837000.0,15646040029000.0,,,2022-03-31,ICICIBANK.NS,0.8706402502417224,2022-03-31
2023-03-31,19584904970000.0,17373059551000.0,,,2023-03-31,ICICIBANK.NS,0.8555306835509656,2023-03-31
2024-03-31,23640630275000.0,20940307767000.0,,,2024-03-31,ICICIBANK.NS,0.7847103000307781,2024-03-31
2021-03-31,48456185465000.0,45604310699000.0,,,2021-03-31,SBIN.NS,1.547997932295056,2021-03-31
2022-03-31,53608835294000.0,50440880615000.0,,,2022-03-31,SBIN.NS,1.497734010341362,2022-03-31
2023-03-31,59544183170000.0,55826503795000.0,,,2023-03-31,SBIN.NS,1.4545753024943409,2023-03-31
2024-03-31,67337787997000.0,63032216658000.0,,,2024-03-31,SBIN.NS,1.3411682321730378,2024-03-31
2020-03-31,,,,,2020-03-31,AXISBANK.NS,,2020-03-31
2021-03-31,10010045400000.0,8972460700000.0,,,2021-03-31,AXISBANK.NS,1.29504351607071,2021-03-31
2022-03-31,11957791500000.0,10772571400000.0,,,2022-03-31,AXISBANK.NS,1.5362349575928294,2022-03-31
2023-03-31,13444179600000.0,12142428600000.0,,,2023-03-31,AXISBANK.NS,1.529064226384442,2023-03-31
2024-03-31,15182385300000.0,13607155700000.0,,,2024-03-31,AXISBANK.NS,1.4532826037780837,2024-03-31
2020-03-31,,,,,2020-03-31,KOTAKBANK.NS,,2020-03-31
2021-03-31,4788542173000.0,3940156140000.0,,,2021-03-31,KOTAKBANK.NS,0.562702585180348,2021-03-31
2022-03-31,5464979078000.0,4493325718000.0,,,2022-03-31,KOTAKBANK.NS,0.5676907770894756,2022-03-31
2023-03-31,6204297348000.0,5081153365000.0,,,2023-03-31,KOTAKBANK.NS,0.4659591663413648,2023-03-31
2024-03-31,7676669590000.0,6376952690000.0,,,2024-03-31,KOTAKBANK.NS,0.5778612727125423,2024-03-31
2020-03-31,,,,,2020-03-31,HINDUNILVR.NS,,2020-03-31
2021-03-31,687570000000.0,210630000000.0,118570000000.0,22.780164504220547,2021-03-31,HINDUNILVR.NS,0.0211645760792046,2021-03-31
2022-03-31,705170000000.0,214300000000.0,130840000000.0,22.82532784977109,2022-03-31,HINDUNILVR.NS,0.02125924869040582,2022-03-31
2023-03-31,730870000000.0,225650000000.0,146100000000.0,21.847554115098493,2023-03-31,HINDUNILVR.NS,0.024232665394402036,2023-03-31
2024-03-31,784990000000.0,270760000000.0,154760000000.0,22.05655611324345,2024-03-31,HINDUNILVR.NS,0.028974188761763442,2024-03-31
2020-03-31,,,,,2020-03-31,ITC.NS,,2020-03-31
2021-03-31,738193000000.0,131251500000.0,196283400000.0,31.52248052767553,2021-03-31,ITC.NS,0.004493652909970845,2021-03-31
2022-03-31,772595500000.0,144376800000.0,225122400000.0,31.449770777492386,2022-03-31,ITC.NS,0.003993879168823533,2022-03-31
2023-03-31,858829800000.0,163441900000.0,277673300000.0,34.018969546967035,2023-03-31,ITC.NS,0.00442540451731365,2023-03-31
2024-03-31,918261600000.0,169361900000.0,290022300000.0,34.72671526572594,2024-03-31,ITC.NS,0.004072503254727744,2024-03-31
2020-12-31,78997300000.0,58803900000.0,33473500000.0,21.31253498829209,2020-12-31,NESTLEIND.NS,0.07303871561995504,2020-12-31
2021-12-31,82341300000.0,62877500000.0,34500200000.0,21.635537917067282,2021-12-31,NESTLEIND.NS,0.13690029696153885,2021-12-31
2022-12-31,89787400000.0,65195700000.0,38135500000.0,19.92515573693844,2022-12-31,NESTLEIND.NS,0.1100045950462961,2022-12-31
2020-03-31,,,,,2020-03-31,TITAN.NS,,2020-03-31
2021-03-31,164520000000.0,89500000000.0,19060000000.0,9.839859298343052,2021-03-31,TITAN.NS,0.7521675336801387,2021-03-31
2022-03-31,211940000000.0,118610000000.0,35210000000.0,10.338947661469932,2022-03-31,TITAN.NS,0.7821132967859831,2022-03-31
2023-03-31,270230000000.0,151190000000.0,51880000000.0,11.076223205676564,2023-03-31,TITAN.NS,0.7903974348156274,2023-03-31
2024-03-31,315500000000.0,221570000000.0,58260000000.0,9.272420292131303,2024-03-31,TITAN.NS,1.653145959757266,2024-03-31
2020-03-31,,,,,2020-03-31,BRITANNIA.NS,,2020-03-31
2021-03-31,80087800000.0,44247800000.0,28177700000.0,17.941728039344753,2021-03-31,BRITANNIA.NS,0.598002627083768,2021-03-31
2022-03-31,75274100000.0,49418100000.0,24205800000.0,14.349353552289154,2022-03-31,BRITANNIA.NS,0.969938626324225,2022-03-31
2023-03-31,93527200000.0,57882200000.0,34243900000.0,16.331600447922728,2023-03-31,BRITANNIA.NS,0.8509876155471993,2023-03-31
2024-03-31,90735600000.0,51075400000.0,33760700000.0,17.341614786709464,2024-03-31,BRITANNIA.NS,0.5263527776086383,2024-03-31
2020-03-31,,,,,2020-03-31,DABUR.NS,,2020-03-31
2021-03-31,108471300000.0,31469100000.0,23202000000.0,18.697575992789087,2021-03-31,DABUR.NS,0.06642630745883424,2021-03-31
2022-03-31,122845300000.0,38626800000.0,25537400000.0,18.639937157835423,2022-03-31,DABUR.NS,0.12290456134489876,2022-03-31
2023-03-31,136543700000.0,42129400000.0,25987800000.0,16.352412066326462,2023-03-31,DABUR.NS,0.13080976144678746,2023-03-31
2024-03-31,151226800000.0,48196000000.0,28681300000.0,16.46401585430998,2024-03-31,DABUR.NS,0.1383588579305312,2024-03-31
2020-03-31,,,,,2020-03-31,COLPAL.NS,,2020-03-31
2021-03-31,28940148000.0,17281518000.0,15399754000.0,27.585623118912885,2021-03-31,COLPAL.NS,0.07820430016219744,2021-03-31
2022-03-31,29018314000.0,11671538000.0,15922087000.0,27.286884671771332,2022-03-31,COLPAL.NS,0.0478784069154983,2022-03-31
2023-03-31,28829893000.0,11666050000.0,15893902000.0,26.306281104707764,2023-03-31,COLPAL.NS,0.040178356327309685,2023-03-31
2024-03-31,31965277000.0,13221661000.0,19578320000.0,30.4734632175135,2024-03-31,COLPAL.NS,0.03827932667848082,2024-03-31
2020-03-31,,,,,2020-03-31,RELIANCE.NS,,2020-03-31
2021-03-31,13212120000000.0,5217800000000.0,999400000000.0,11.600388928390917,2021-03-31,RELIANCE.NS,0.37151585610392873,2021-03-31
2022-03-31,14996650000000.0,6106810000000.0,1263740000000.0,11.317124617256951,2022-03-31,RELIANCE.NS,0.3617439719815006,2022-03-31
2023-03-31,16074310000000.0,7785500000000.0,1533070000000.0,11.62120444047002,2023-03-31,RELIANCE.NS,0.46711143891645435,2023-03-31
2024-03-31,17559860000000.0,8301980000000.0,1773310000000.0,12.392682428773096,2024-03-31,RELIANCE.NS,0.43623224752703593,2024-03-31
2020-03-31,,,,,2020-03-31,ONGC.NS,,2020-03-31
2021-03-31,5432787530000.0,3006819650000.0,602995540000.0,10.874930250271007,2021-03-31,ONGC.NS,0.6363390562977342,2021-03-31
2022-03-31,5853902880000.0,3012036060000.0,847865240000.0,12.47532853300858,2022-03-31,ONGC.NS,0.46852449896547593,2022-03-31
2023-03-31,6180083380000.0,3146256070000.0,776688670000.0,10.693049451479531,2023-03-31,ONGC.NS,0.5294580045465972,2023-03-31
2024-03-31,7101929680000.0,3451024210000.0,1159123620000.0,13.916393100592463,2024-03-31,ONGC.NS,0.4763853765108717,2024-03-31
2020-03-31,,,,,2020-03-31,BPCL.NS,,2020-03-31
2021-03-31,1609815500000.0,1074264800000.0,287128600000.0,7.448485543932606,2021-03-31,BPCL.NS,1.0182389827891178,2021-03-31
2022-03-31,1875286300000.0,1356230100000.0,238024000000.0,4.276186274477748,2022-03-31,BPCL.NS,1.2432988951870723,2022-03-31
2023-03-31,1881381900000.0,1346158300000.0,131202400000.0,1.592117303878265,2023-03-31,BPCL.NS,1.2962064826737834,2023-03-31
2024-03-31,2024177500000.0,1267826400000.0,470661100000.0,8.412668107056037,2024-03-31,BPCL.NS,0.7218744046250478,2024-03-31
2020-03-31,,,,,2020-03-31,IOC.NS,,2020-03-31
2021-03-31,3549159200000.0,2421019300000.0,460504800000.0,8.87037719406555,2021-03-31,IOC.NS,1.043017649181115,2021-03-31
2022-03-31,4106248500000.0,2754982000000.0,509329700000.0,6.345987259929201,2022-03-31,IOC.NS,0.9886502568087301,2022-03-31
2023-03-31,4417184800000.0,2985041400000.0,348659400000.0,3.1313689333031864,2023-03-31,IOC.NS,1.0662526774932537,2023-03-31
2024-03-31,4823620000000.0,2941990200000.0,807377200000.0,7.937549361638004,2024-03-31,IOC.NS,0.7230959390898092,2024-03-31
2020-03-31,,,,,2020-03-31,GAIL.NS,,2020-03-31
2021-03-31,810098900000.0,277300600000.0,100627900000.0,9.547788283722447,2021-03-31,GAIL.NS,0.14803053043547915,2021-03-31
2022-03-31,965594000000.0,322539400000.0,180858800000.0,14.199480072039904,2022-03-31,GAIL.NS,0.14373896111755446,2022-03-31
2023-03-31,1077807500000.0,426737700000.0,104231700000.0,3.4259451103141063,2023-03-31,GAIL.NS,0.2744014355719917,2023-03-31
2024-03-31,1247172300000.0,475214500000.0,170329700000.0,8.338009985958,2024-03-31,GAIL.NS,0.2830463401386908,2024-03-31
2021-03-31,1714704000000.0,1345519900000.0,,,2021-03-31,BAJFINANCE.NS,2.867781954856669,2021-03-31
2022-03-31,2125058600000.0,1687931700000.0,,,2022-03-31,BAJFINANCE.NS,3.0400394027455184,2022-03-31
2023-03-31,2752263100000.0,2208543300000.0,,,2023-03-31,BAJFINANCE.NS,3.024847357039416,2023-03-31
2024-03-31,3757416200000.0,2990462700000.0,,,2024-03-31,BAJFINANCE.NS,2.8481141294746033,2024-03-31
2020-03-31,,,,,2020-03-31,RECLTD.NS,,2020-03-31
2021-03-31,4008668700000.0,3571029400000.0,,,2021-03-31,RECLTD.NS,7.534135074249502,2021-03-31
2022-03-31,4108600900000.0,3595459900000.0,,,2022-03-31,RECLTD.NS,6.4902759670344015,2022-03-31
2023-03-31,4655027500000.0,4073822400000.0,,,2023-03-31,RECLTD.NS,6.551727780778249,2023-03-31
2024-03-31,5481910900000.0,4788408500000.0,,,2024-03-31,RECLTD.NS,6.42488764278249,2024-03-31
2020-03-31,,,,,2020-03-31,PFC.NS,,2020-03-31
2021-03-31,7757070800000.0,6939168300000.0,,,2021-03-31,PFC.NS,11.342619440529704,2021-03-31
2022-03-31,7910002700000.0,6947251200000.0,,,2022-03-31,PFC.NS,9.626226905875644,2022-03-31
2023-03-31,8961118600000.0,7841305800000.0,,,2023-03-31,PFC.NS,9.275838480467034,2023-03-31
2024-03-31,10388773800000.0,9045888400000.0,,,2024-03-31,PFC.NS,8.813950658038808,2024-03-31
2020-03-31,,,,,2020-03-31,TCS.NS,,2020-03-31
2021-03-31,1307590000000.0,436510000000.0,484620000000.0,25.99755142315915,2021-03-31,TCS.NS,0.09018546157139055,2021-03-31
2022-03-31,1415140000000.0,516680000000.0,570750000000.0,25.33871522888701,2022-03-31,TCS.NS,0.08770571803587655,2022-03-31
2023-03-31,1436510000000.0,524450000000.0,627080000000.0,24.11846108809623,2023-03-31,TCS.NS,0.08502167566132886,2023-03-31
2024-03-31,1464490000000.0,551300000000.0,677600000000.0,24.66862881030167,2024-03-31,TCS.NS,0.0886406082507266,2024-03-31
2020-03-31,,,,,2020-03-31,INFY.NS,,2020-03-31
2021-03-31,14825000000.0,4323000000.0,4063000000.0,24.51884079345181,2021-03-31,INFY.NS,0.06971844474238652,2021-03-31
2022-03-31,15555000000.0,5561000000.0,4529000000.0,23.02127398688002,2022-03-31,INFY.NS,0.07262850819837038,2022-03-31
2023-03-31,15312000000.0,6088000000.0,4684000000.0,21.194816604436635,2023-03-31,INFY.NS,0.11011774967291757,2023-03-31
2024-03-31,16523000000.0,5918000000.0,4967000000.0,20.73591207843982,2024-03-31,INFY.NS,0.09489534993844113,2024-03-31
2020-03-31,,,,,2020-03-31,HCLTECH.NS,,2020-03-31
2021-03-31,861940000000.0,261120000000.0,208400000000.0,20.479178551055334,2021-03-31,HCLTECH.NS,0.10850733563667318,2021-03-31
2022-03-31,890330000000.0,270270000000.0,215960000000.0,18.918634925453294,2022-03-31,HCLTECH.NS,0.10244855767677746,2022-03-31
2023-03-31,934110000000.0,280130000000.0,239860000000.0,18.217749566314463,2023-03-31,HCLTECH.NS,0.07317483372830823,2023-03-31
2024-03-31,997770000000.0,315060000000.0,256930000000.0,18.220774612648185,2024-03-31,HCLTECH.NS,0.08432093520648082,2024-03-31
2020-03-31,,,,,2020-03-31,TECHM.NS,,2020-03-31
2021-03-31,396780000000.0,144335000000.0,75572000000.0,14.759702127322342,2021-03-31,TECHM.NS,0.11666197466318118,2021-03-31
2022-03-31,448707000000.0,174896000000.0,91136000000.0,14.699861129776465,2022-03-31,TECHM.NS,0.09739006237516598,2022-03-31
2023-03-31,461533000000.0,177586000000.0,84478000000.0,11.727484603172817,2023-03-31,TECHM.NS,0.098128883238733,2023-03-31
2024-03-31,434236000000.0,162768000000.0,50926000000.0,6.581723418372744,2024-03-31,TECHM.NS,0.09511650055869274,2024-03-31
2020-03-31,,,,,2020-03-31,WIPRO.NS,,2020-03-31
2021-03-31,831434000000.0,276841000000.0,170961000000.0,19.382012495358637,2021-03-31,WIPRO.NS,0.18896211319935996,2021-03-31
2022-03-31,1079182000000.0,420509000000.0,187511000000.0,17.18613689637821,2022-03-31,WIPRO.NS,0.2673051151851075,2022-03-31
2023-03-31,1175822000000.0,394069000000.0,191136000000.0,14.930332995902202,2023-03-31,WIPRO.NS,0.22359709356805998,2023-03-31
2024-03-31,1152459000000.0,401236000000.0,193833000000.0,14.89856874364279,2024-03-31,WIPRO.NS,0.2195662523353643,2024-03-31
2020-03-31,,,,,2020-03-31,LT.NS,,2020-03-31
2021-03-31,3112737100000.0,2233536500000.0,189538200000.0,11.616863138051745,2021-03-31,LT.NS,1.7554862338837987,2021-03-31
2022-03-31,3200672400000.0,2246935100000.0,204884200000.0,12.424195005333633,2022-03-31,LT.NS,1.5183338539160074,2022-03-31
2023-03-31,3303523100000.0,2267850900000.0,236709100000.0,10.735069669718534,2023-03-31,LT.NS,1.3506762592505313,2023-03-31
2024-03-31,3396272400000.0,2370775800000.0,277283200000.0,9.91762844550292,2024-03-31,LT.NS,1.3469574303803507,2024-03-31
2020-03-31,,,,,2020-03-31,ASIANPAINT.NS,,2020-03-31
2021-03-31,203696200000.0,71404700000.0,51872500000.0,18.915035111379808,2021-03-31,ASIANPAINT.NS,0.08534790325691516,2021-03-31
2022-03-31,229844500000.0,87853600000.0,50994900000.0,13.598778218707835,2022-03-31,ASIANPAINT.NS,0.11489216279696139,2022-03-31
2023-03-31,257980000000.0,93521100000.0,66913000000.0,15.953084602475636,2023-03-31,ASIANPAINT.NS,0.12084743653636798,2023-03-31
2024-03-31,299240900000.0,105004100000.0,84059400000.0,19.089192895578016,2024-03-31,ASIANPAINT.NS,0.13211984002819263,2024-03-31
2020-03-31,,,,,2020-03-31,JSWSTEEL.NS,,2020-03-31
2021-03-31,1471630000000.0,1021720000000.0,204920000000.0,19.72482353091892,2021-03-31,JSWSTEEL.NS,1.4624205218153914,2021-03-31
2022-03-31,1964850000000.0,1279500000000.0,400340000000.0,23.350645558267107,2022-03-31,JSWSTEEL.NS,1.0730195996849785,2022-03-31
2023-03-31,2110780000000.0,1440390000000.0,193890000000.0,8.041137577453771,2023-03-31,JSWSTEEL.NS,1.622726234873278,2023-03-31
2024-03-31,2281980000000.0,1484220000000.0,291830000000.0,11.875680812107445,2024-03-31,JSWSTEEL.NS,1.360195187269052,2024-03-31
2020-03-31,,,,,2020-03-31,ULTRACEMCO.NS,,2020-03-31
2021-03-31,861835100000.0,420031100000.0,120507100000.0,19.991419399886933,2021-03-31,ULTRACEMCO.NS,0.4690309018650503,2021-03-31
2022-03-31,838277900000.0,333955800000.0,119648400000.0,17.089880936840345,2022-03-31,ULTRACEMCO.NS,0.2041963887573121,2022-03-31
2023-03-31,913869600000.0,370067900000.0,110661900000.0,12.155023613356947,2023-03-31,ULTRACEMCO.NS,0.20354962968853488,2023-03-31
2024-03-31,1008020100000.0,405185900000.0,135273000000.0,13.849527421256095,2024-03-31,ULTRACEMCO.NS,0.1893313484143783,2024-03-31
2020-03-31,,,,,2020-03-31,PIDILITIND.NS,,2020-03-31
2021-03-31,88304200000.0,29974200000.0,17603800000.0,20.620004082240598,2021-03-31,PIDILITIND.NS,0.05918154251058474,2021-03-31
2022-03-31,95156200000.0,29130100000.0,18954700000.0,16.6539979372407,2022-03-31,PIDILITIND.NS,0.06493579503131779,2022-03-31
2023-03-31,105250200000.0,30791000000.0,20406200000.0,14.908667911317758,2023-03-31,PIDILITIND.NS,0.05415901767540916,2023-03-31
2024-03-31,121039500000.0,34869400000.0,27508400000.0,19.47569398568704,2024-03-31,PIDILITIND.NS,0.045493365179204395,2024-03-31
2020-03-31,,,,,2020-03-31,SHREECEM.NS,,2020-03-31
2021-03-31,215131700000.0,60646000000.0,45153800000.0,21.337847159772608,2021-03-31,SHREECEM.NS,0.14482175898414085,2021-03-31
2022-03-31,237488800000.0,62383100000.0,42503000000.0,17.476118225155446,2022-03-31,SHREECEM.NS,0.12194649799430479,2022-03-31
2023-03-31,263339400000.0,76569800000.0,34152900000.0,7.4251306114772975,2023-03-31,SHREECEM.NS,0.146201519606791,2023-03-31
2024-03-31,279534700000.0,72094300000.0,51114600000.0,12.893658363719076,2024-03-31,SHREECEM.NS,0.07996698050323336,2024-03-31
2020-03-31,,,,,2020-03-31,TATASTEEL.NS,,2020-03-31
2021-03-31,2454872100000.0,1679787600000.0,306951800000.0,11.381748932647566,2021-03-31,TATASTEEL.NS,1.1921184847216624,2021-03-31
2022-03-31,2854456000000.0,1683471400000.0,647979400000.0,21.801449422426824,2022-03-31,TATASTEEL.NS,0.6602529083463704,2022-03-31
2023-03-31,2880217400000.0,1828465300000.0,338752300000.0,8.11852112421046,2023-03-31,TATASTEEL.NS,0.8235479292719105,2023-03-31
2024-03-31,2734235000000.0,1809907600000.0,162488900000.0,4.604731623317944,2024-03-31,TATASTEEL.NS,0.9461770077196081,2024-03-31
2020-03-31,,,,,2020-03-31,COALINDIA.NS,,2020-03-31
2021-03-31,1617815700000.0,1248231300000.0,221646200000.0,17.992622740647988,2021-03-31,COALINDIA.NS,0.16113514229944334,2021-03-31
2022-03-31,1934846000000.0,1496677700000.0,285864400000.0,23.922787573945257,2022-03-31,COALINDIA.NS,0.0814416415718503,2022-03-31
2023-03-31,2224306600000.0,1608170400000.0,506536300000.0,29.566528129422316,2023-03-31,COALINDIA.NS,0.07119019416060338,2023-03-31
2024-03-31,2376722600000.0,1540903600000.0,561278500000.0,31.84259626976701,2024-03-31,COALINDIA.NS,0.0788474235033624,2024-03-31
2020-03-31,,,,,2020-03-31,VEDL.NS,,2020-03-31
2021-03-31,1771247000000.0,1037198000000.0,296853000000.0,21.511115204402333,2021-03-31,VEDL.NS,0.9846663599026337,2021-03-31
2022-03-31,1983820000000.0,1156780000000.0,463810000000.0,27.448320019513382,2022-03-31,VEDL.NS,0.8186990502118288,2022-03-31
2023-03-31,1953770000000.0,1459500000000.0,367190000000.0,16.701741355120905,2023-03-31,VEDL.NS,1.6893691499885855,2023-03-31
2024-03-31,1908070000000.0,1487380000000.0,395400000000.0,17.51003223008188,2024-03-31,VEDL.NS,2.3683028448668706,2024-03-31
2020-03-31,,,,,2020-03-31,HINDZINC.NS,,2020-03-31
2021-03-31,457270000000.0,134140000000.0,134560000000.0,41.96003805899144,2021-03-31,HINDZINC.NS,0.22285148392287935,2021-03-31
2022-03-31,446700000000.0,103890000000.0,172820000000.0,46.79055227509552,2022-03-31,HINDZINC.NS,0.09112919693124472,2022-03-31
2023-03-31,354670000000.0,225350000000.0,188370000000.0,43.351767251743205,2023-03-31,HINDZINC.NS,0.9424682957005877,2023-03-31
2024-03-31,338950000000.0,187000000000.0,146600000000.0,36.98810626023787,2024-03-31,HINDZINC.NS,0.6002632444883185,2024-03-31
2021-03-31,369297900000.0,70322000000.0,91408700000.0,55.70573940878527,2021-03-31,NMDC.NS,0.07795529722376987,2021-03-31
2022-03-31,261484900000.0,81167900000.0,133429900000.0,47.52516773676968,2022-03-31,NMDC.NS,0.16850082555187101,2022-03-31
2023-03-31,299529200000.0,73178600000.0,80589100000.0,32.390451330891054,2023-03-31,NMDC.NS,0.09406684016457398,2023-03-31
2024-03-31,356610300000.0,99881200000.0,83903200000.0,32.58572392298473,2024-03-31,NMDC.NS,0.13091647535264792,2024-03-31
2020-03-31,,,,,2020-03-31,SUNPHARMA.NS,,2020-03-31
2021-03-31,676667300000.0,181869000000.0,50204100000.0,19.300768992822814,2021-03-31,SUNPHARMA.NS,0.08326191416010838,2021-03-31
2022-03-31,697998700000.0,187337600000.0,67524100000.0,21.07929908640982,2022-03-31,SUNPHARMA.NS,0.026874967976235554,2022-03-31
2023-03-31,807435900000.0,214281200000.0,121108600000.0,21.43623435639609,2023-03-31,SUNPHARMA.NS,0.12297210948474678,2023-03-31
2024-03-31,854628800000.0,183569100000.0,138831500000.0,21.919011190689815,2024-03-31,SUNPHARMA.NS,0.05141883322142248,2024-03-31
2020-03-31,,,,,2020-03-31,DRREDDY.NS,,2020-03-31
2021-03-31,265491000000.0,92429000000.0,40179000000.0,17.346433202264365,2021-03-31,DRREDDY.NS,0.17512798881325767,2021-03-31
2022-03-31,292827000000.0,102300000000.0,45080000000.0,16.753968216949406,2022-03-31,DRREDDY.NS,0.17763886483280586,2022-03-31
2023-03-31,321854000000.0,90863000000.0,74431000000.0,24.017504544918435,2023-03-31,DRREDDY.NS,0.05832261863016308,2023-03-31
2024-03-31,387518000000.0,106968000000.0,88422000000.0,23.394133914115002,2024-03-31,DRREDDY.NS,0.07135982890750311,2024-03-31
2020-03-31,,,,,2020-03-31,CIPLA.NS,,2020-03-31
2021-03-31,251518900000.0,65663000000.0,44461600000.0,17.119501677855883,2021-03-31,CIPLA.NS,0.10991769854958904,2021-03-31
2022-03-31,271011200000.0,59837400000.0,45882000000.0,16.511911192340136,2022-03-31,CIPLA.NS,0.05065712041585879,2022-03-31
2023-03-31,294632800000.0,57497400000.0,51521000000.0,17.87851118533292,2023-03-31,CIPLA.NS,0.03430996019272225,2023-03-31
2024-03-31,327178200000.0,59154900000.0,67146400000.0,21.097724924675685,2024-03-31,CIPLA.NS,0.0209466409400283,2024-03-31
2020-03-31,,,,,2020-03-31,NTPC.NS,,2020-03-31
2021-03-31,3988876400000.0,2696254600000.0,375478000000.0,19.608982124029666,2021-03-31,NTPC.NS,1.6717864469004593,2021-03-31
2022-03-31,4165964100000.0,2774622600000.0,437036900000.0,19.405767075148724,2022-03-31,NTPC.NS,1.5564803040826087,2022-03-31
2023-03-31,4479132500000.0,2969596300000.0,500083900000.0,19.085141761234954,2023-03-31,NTPC.NS,1.5161770760350222,2023-03-31
2024-03-31,4801965700000.0,3150742900000.0,555853900000.0,18.744818416020724,2024-03-31,NTPC.NS,1.4755277029134661,2024-03-31
2020-03-31,,,,,2020-03-31,POWERGRID.NS,,2020-03-31
2021-03-31,2556894700000.0,1857534000000.0,359060200000.0,58.655198885112604,2021-03-31,POWERGRID.NS,2.0979159967095664,2021-03-31
2022-03-31,2551983900000.0,1789421000000.0,409213700000.0,57.03914122067694,2022-03-31,POWERGRID.NS,1.8211725222929152,2022-03-31
2023-03-31,2522730600000.0,1692467700000.0,392501000000.0,57.99461972920486,2023-03-31,POWERGRID.NS,1.5907167476711292,2023-03-31
2024-03-31,2508905200000.0,1637454100000.0,411255900000.0,58.89588317468936,2024-03-31,POWERGRID.NS,1.4573819460437882,2024-03-31
2020-03-31,,,,,2020-03-31,TATAPOWER.NS,,2020-03-31
2021-03-31,988390900000.0,735895300000.0,85224400000.0,13.21392915519147,2021-03-31,TATAPOWER.NS,2.0924503164106145,2021-03-31
2022-03-31,1128846000000.0,868561400000.0,97170900000.0,10.485971763105642,2022-03-31,TATAPOWER.NS,2.281267879773064,2022-03-31
2023-03-31,1283490400000.0,941449200000.0,129403200000.0,8.129553393063736,2023-03-31,TATAPOWER.NS,1.8384096808919725,2023-03-31
2024-03-31,1395534900000.0,1012207200000.0,137683700000.0,11.263755416429381,2024-03-31,TATAPOWER.NS,1.6593744021456769,2024-03-31
